Time,Sender,Amount,Source,Destination,Memo,Tx Signature
2025/6/25 01:46:02,GLwVcQWbSkq5HBG6nK4k5xUQ4LUj1ByDhCAntb83Kdfb,189050.622415,6ntqU3SHLf4B3EuTcdUQvLDqHPQvCkPNKpH9gDR2qVv9,C5oLn4eK4qT1c25N2tFtmbsFxEPiFtc5RWWKUQkRdgdJ,,3jcPTgEchq9Ey8CAbbfRb5dKnFVUqpAT8hVkhN6W5ReikVFCLC65GxWgSsUYYjGkqVkUJT6EkmmtkiYuJXiTsM1f
2025/6/25 01:21:18,TJn4nbumhBRV79Jm7u6Hs8yyGaBbn1yYEt9S3qLq97L,20583,DuVGApFJnKjLmaQn7j3xT66ShxQfdqBJYmhjeMSY1d7M,C5oLn4eK4qT1c25N2tFtmbsFxEPiFtc5RWWKUQkRdgdJ,0x2B231D737d18490cBd34e6F8A9823f38ec8f8a1A,2LsueisBohpEFkvNvP2yj91sKRhCDUSP3TBCcjusnUC2jb5qG4gS1vasQmmk78wcuq6dvRZtZooT1Wf2pfZdTJL2
2025/6/25 01:16:52,UA7UCDowurU1fiQ4VpJjNoUTpwwepXNTfq1JZJd6C48,31500,7g31PAKCvircz1wkMXHEoFH9YZkSknXhotkJdoqJoS14,C5oLn4eK4qT1c25N2tFtmbsFxEPiFtc5RWWKUQkRdgdJ,0xbf127b9567f995ca8b14bc4cbb4b9a699f89268c,4UJ1n4zbfPbKK8wLNffLARKUd7QzPhBuiQXtdHNYGLfBtRWoFy3C2rDxftaLdZcMiNkUNVzZFqpsey9uZ6mszhRt
2025/6/25 01:16:33,BrLdgoXbzN1xTkaaHoZHVoCeYjaEfeZY1uK7bJDW3m2E,14261,42Tydf1bF6tk8JA4HYpxLMVYM5JQycmaCX3p6skFsvvp,C5oLn4eK4qT1c25N2tFtmbsFxEPiFtc5RWWKUQkRdgdJ,0x2b06570B3C6187cA186f1CD91178A3Df4c33D5E4,4v6NVzJbGQxb9GZCuRifCufejnzD7Cnq3yJztSVrKrub1DbK8Gk8srzngtzpiq9FUCedPHoCpHw7A1XyS3pYpQcv
2025/6/25 01:13:16,6gqDh5ToFnKdVmSDJG7noFmB6o7DQcC7rhX5TinS2G5u,259575,5a7upskQFMd61KX4goRFPsxd4cuJsnHvXKF5sjoxuZLZ,C5oLn4eK4qT1c25N2tFtmbsFxEPiFtc5RWWKUQkRdgdJ,0xabB11339216c599EFD3B48cd5fa9657123B02bc5,2MBKpCvdUMUGNu6hbwhShPLSZqMFQciaAfLhReN4yGoR5PewxkUcA1M1RaX7zxUYKZy5HzVWXtoxJzu49NxaSKv
2025/6/25 01:01:32,7qCUQUmFSZjDuvgMqt7LN86sqBLRcmhSRB34nJLRz6fZ,648480,DmkdeYUxqMTFAt6ZYistbGvMTq1AqABdQAHEHYPa3257,C5oLn4eK4qT1c25N2tFtmbsFxEPiFtc5RWWKUQkRdgdJ,0x823a7f07c03640d02eba2231c86161d02412e48f,3PbN41RRvHFjNHGju4Sm4aF2xXwz99ETEUkSrQtaKEqoBYDdLbnddxZJhjLMqmsLQpPBNF5REVBWp76wUvHdj8Bw
2025/6/25 00:20:16,BPwJY99pto2JF9Cf3JP341ZFn3jSM9VC2u9nQ18f3Vpw,43079,2MkZZ4rji9ukGxz4sk3kHoYeVheGJFKjax8eYbrUEnaB,C5oLn4eK4qT1c25N2tFtmbsFxEPiFtc5RWWKUQkRdgdJ,,5z1na7afu8sDwoUcFSEaBMMkfeBEMtSGZPWhjDmHwxW4PoTMTmwWjigRnJrc5vcuDdFPNxE4iYNqTLtpVmksLgt1
2025/6/25 00:04:21,AbXLHqB82BtMiuTZbeLJCv2oGBnxQztyWohQVs6TyVro,1303016,EySVANQHaEw5vrB9bhCmAVAndhSC2oGmhZXEzho83FvQ,C5oLn4eK4qT1c25N2tFtmbsFxEPiFtc5RWWKUQkRdgdJ,0xc3240345ac2a644972f254aac08b40683d6f54a4,5sxaKyTchfNKBceMLGoiPtCrjTDCBaLArczB6fbwuLmEXu6dpE9ABwvfaVLRUGU7HgdeovD8TECp5ZjZrx2qpzX2
2025/6/24 23:48:43,63ViiSzBgroutvyq7jFw949RAYLcGziMtfzsi1rxLG2e,2222222,5zZwi3aBsAD2oDv6sbEHkeJEdCszSaJE1erMUR1hHW2X,C5oLn4eK4qT1c25N2tFtmbsFxEPiFtc5RWWKUQkRdgdJ,0x658CafAb073a0EC6Ce6Ea0baA07b4E6820F560d3,2mcviJqP5YCk8P7aYdED1wNGwSwdbgbY75Q3Cah21QkksqdgGQ2snC8XQQrUAFMLpua8KsN3PmaXRASyNACaxDmK
2025/6/24 23:32:49,A9BFy1qMtFzumwAKZaArKcX4DFxnvcyn24op8UJNwyCH,41602,8TamuB7VAnhBxbTDxF4cktYMrzQyVjdq1JmJqaNaofv7,C5oLn4eK4qT1c25N2tFtmbsFxEPiFtc5RWWKUQkRdgdJ,0x4007b207db479f0ce9be4d91edccd12a3dcf9e7c,2bTXXJ7fMCwWZtQD2vehV3D1pvAH9Aa9mn6qCsZDsrkMVLwuBfsKe5XWFHQ8Y7v8a5eJ9Cgoi4NTvAaqcmF8DJPH
2025/6/24 23:29:26,4amhccz5Kukt9u4bmVdCeuazEsrXZvykoLmKxiKKg13t,1548,4kfYm1b3DwqKQRnjSxpLgesvUw2yk27oeaVCsUbCRZ6v,C5oLn4eK4qT1c25N2tFtmbsFxEPiFtc5RWWKUQkRdgdJ,0x6fd09e05c970b737d34adab7ff6a887c28dd6f67,5dzfodWtsVqKtonkPLY8pQ1tb93YQkcdLMmZjsL8r8RUgiTAiADc5FDU958yXWQGLBbSWPB3RW7q91J3HtzKFyeG
2025/6/24 23:17:38,5Xq6yL7JJ8YPU2Tv1mXB6fQHLvg521txM5zCAzsJVR5W,4021859,7PX2NbWpmirnhkVo5haM8Q5qCm61kaLesPEMKtWKesAY,C5oLn4eK4qT1c25N2tFtmbsFxEPiFtc5RWWKUQkRdgdJ,0x68c6d3af6e633e396349da4c62f30bec7f128f51,4XYVzqCnHZHLFAdebjsZQhnrmc6NudZKgPmsGqW4T3Lh2HnLjUjc6vaRVsm9kNDAyJhvSTSWVxEMqpavkU9evwGx
2025/6/24 23:15:26,63JfrETAEhz2mZsYKVQWmR6dgEYLYB72FtZWVpsPkWb1,5298318,5cYifCA3ijZCkJRyErQtLNrUYZWskYts1qT55fnWzGwb,C5oLn4eK4qT1c25N2tFtmbsFxEPiFtc5RWWKUQkRdgdJ,0xd95741181f4fdcc78e7b76d291043e9b0290d6ab,5grEjyyyvot3V15mDTL8wrdWsMbyFoxUkjWh2pTBG694LEjNWew5D7MWkZTQnu4KEZKPHnys1aavjKCkxEZk9md5
2025/6/24 23:14:06,2d8gZsmfq5XiUhEhFxP8VqQQx1pp3MHrZujq7U3MuvfW,4998318,FxQ6NGosB9kJTqKd3NSnmKqiQ5VGMMk29vSpugEKaoUh,C5oLn4eK4qT1c25N2tFtmbsFxEPiFtc5RWWKUQkRdgdJ,0x208e39714f1791bbafe868a5d9fe6eec7a9b9ec3,57QSqHSjn7qxxo5NguA8xngnGzT2V5865C6FC3XTfRwv5Gbo7YS98Dz6pQJxgRbUuaUT6Wt2CkX9Sjsw41ebagtU
2025/6/24 23:12:31,6f1NGZDdMcvXGberFNCLnxKQkEzZgbuSpUapk9Wq4qVn,1000000,29yaCyL9QcKgbBwo59iVq94rh5PAM985dUkr1DQVSnHA,C5oLn4eK4qT1c25N2tFtmbsFxEPiFtc5RWWKUQkRdgdJ,0x4f0e83205ef5d435b1bee22d4df7a8ea01b2867c,2Hg1ACtEbz864iWDRA1XweWbLTyikcGfGCCM3NnJ5gBjrZeFx9B1SP2CHhP9QV2Qg9ut2unc5ctNn1EytuTDMqRu
2025/6/24 23:11:55,5qZsKTSocZqhdRd4y4vYxyqovbSbG8ZVSLo5mXbrH6af,1000000,5y58HvLtUkgPwK1zBiGCGK4f9BxEB1ATfegvvW2eqeuM,C5oLn4eK4qT1c25N2tFtmbsFxEPiFtc5RWWKUQkRdgdJ,0x8b29ce5a40a72a393f82d8088635493a1046a7f4,55RnQv5NubgYKFmXfv4cwF1uevE2uH64grPeg3G3GewpYk3B4kqHoEHVMZ4rPc6jZ71ne85p1VeFPJdRLYs749Gb
2025/6/24 23:11:18,DwpYphLJQj7rvh6FZc7bUCcAvfXJpMrkMfTmzZBrqJG5,1000000,MN1dFsBfRtuGdPxnF3dqF35jh6ApzBTAdnUd61mc5yR,C5oLn4eK4qT1c25N2tFtmbsFxEPiFtc5RWWKUQkRdgdJ,0x9eec548441c95295b9c5c8d0646c19dc9e36ce42,4tdNX5Hu15piCuwUSQt1DYmiP4pnDCELHgX9Py3dyM7nq2nSSFVpCMuizbJyDZA8dwdxfzDafNvoXuLWMyz1VU21
2025/6/24 23:10:33,7WiyYWTHDc4E6JWMgSrLwNwxaePxfhquU5CRQWEHriU9,1000000,GxaTLbM1skTvxtnPf6HdSkZ4edtERBkJXDFXNYdwCdKV,C5oLn4eK4qT1c25N2tFtmbsFxEPiFtc5RWWKUQkRdgdJ,0x49750785a32fa46b4ca59010a231cbdb36f37fe2,tqsR96xpdDSeaAet7WwemVJ8pXPUpxfQveN2MftHVrv7DXqZw2JnuGmjh8LymCUnJ457P1Sz2krXSqUqvmzFct7
2025/6/24 23:03:31,HgsLCEVygAFFvPDqs9qAmmRvYhYVnpBh3t7mjcub6SNm,1000001,515Yj94ZUbSrvCZBFXMrpF8okCHqL3k4L4gfEnjdPPRe,C5oLn4eK4qT1c25N2tFtmbsFxEPiFtc5RWWKUQkRdgdJ,0xef0e0d374d1d0925eb315b02eabd426f539e1186,2kDMBA5CB5XqSimBMXzdDpmZ6xR8EmftehJsxzpz3bKRSonZ815vgCcoCadkUipJpGHivaLhEznws8DDnGFwnf6a
2025/6/24 22:52:49,J3bDYVRn4XiXozK1E4jbpJE7oe2q7EQGxPdLxPqXT2UC,28158,A1SxGDrM8gUhY6PpcCUNAvt3RDiwRuXxaYnvAr3Xt6zx,C5oLn4eK4qT1c25N2tFtmbsFxEPiFtc5RWWKUQkRdgdJ,0xb31f9581d58d1c652111be52afd39e0bb6166908,3Ecekoq12YfTkCCvKrPMeSZpxumCuq3rGTiJheCj2xMduy1qiRQzkNyvrp53U8pt5JJx5FfpHQndHxTgDFCA1Jy5
2025/6/24 21:21:32,UzWnk612bvwLNj9qTTW5fCYWFoaeLy8tUUGFutRRUaP,981907,3wAANhTSuckjLSZJ1DNofhnUANpceiC1VFrvFsGJij4V,C5oLn4eK4qT1c25N2tFtmbsFxEPiFtc5RWWKUQkRdgdJ,0x8110b702fd55560e8247d1ee07534818bacbe49d,49T2TvEA9LvzNzNwkJABNE1GeA8yKWkf7bYiTN5HTMxZ25xXstwTfUuVfH7EdVxxqePNAPAEfEasGhDezWfxuPkh
2025/6/24 20:54:58,Fe6ySFQfb7hKfYd2pey55rXb7niqdzhjYhQh8sb6qR7f,2012000,EppHfTdzuEjQKuct6c5798oMHH5zbgywMRnzjMJRNtyf,C5oLn4eK4qT1c25N2tFtmbsFxEPiFtc5RWWKUQkRdgdJ,0x2f73d88c58b9ad141b5fc20199bb7c0681fc959a,47ebx1hc7cDfxq5dAsxnWiEoURkyis4VtAVd6tb8fvpT6Bv3hCNLJfMKWMxy2wgxCtR7LtAQz5HHuvQU7kgcNWLM
2025/6/24 20:38:12,BUGmWN6qLt5TEhUMEEFqrPyTWk45uFb5u3W1CPAtQbdz,30000,7vnXXrZAfD1gXDDsBypXQEm1B9fKoxVEbMiJTbPrFTAb,C5oLn4eK4qT1c25N2tFtmbsFxEPiFtc5RWWKUQkRdgdJ,0xdb62D4b97cfa5D43342680885D6Ce22b018e0066,4UX412imaoa17RXsZVxWq1YxbjgFGbUsSKcRnwnroZZMpA52dJBPnhNsg1jFgEHWL8SkwAJxYWKtX8WF8a2JesWu
2025/6/24 20:35:35,BUGmWN6qLt5TEhUMEEFqrPyTWk45uFb5u3W1CPAtQbdz,50000,7vnXXrZAfD1gXDDsBypXQEm1B9fKoxVEbMiJTbPrFTAb,C5oLn4eK4qT1c25N2tFtmbsFxEPiFtc5RWWKUQkRdgdJ,0xdb62D4b97cfa5D43342680885D6Ce22b018e0066,Q6EgizuZbChVV1WFvu5kUz6NfrnwJxMSUQBkwboaL94Ty3z4ZRA1Z8mxNE8vMp3uhtiMzsDEhNhxTvLMx5y1gpa
2025/6/24 17:32:53,EftiM4dzGZNPX9EHBwVHkDt3P8erdv5jcCv8dmrmNBaE,275387.686523,8i9UwTgM78ag1MsBsy1LvdwJSBkKpdAN4umbbzeD6bbu,C5oLn4eK4qT1c25N2tFtmbsFxEPiFtc5RWWKUQkRdgdJ,,66NJ7pWC5QmfGefrztsr978zHA6Uk1q9XdUDjMPfqoP4MVR1Y4LDYParpJKoRDyqBNnMjFwW2ZVsDJiocXJGvuJ8
2025/6/24 17:19:10,5wvaRmmKED3h7gGuVR3k4iWoeKwZG4A4aiUYQT3iN9n2,2038449.365355,CJt7vjZuHo8fcLKUrFtD4cvcCoMspGbqSUP993LW17nT,C5oLn4eK4qT1c25N2tFtmbsFxEPiFtc5RWWKUQkRdgdJ,,4SuUdtNNiu51C2ErTo96c2a8oTgfAEfcMXaxC3UvUGEjFaqZd1B21TCWtm8q4q5TWaRo6c3SnS7wvG9DgW8vdKe7
2025/6/24 16:41:04,Cfy5rFwmU2fe43YbR79F1Nsm1REZ9DurQ3aoKhP6ANgt,7304335,3QWyK9Mv2GjbK1GX33hWMHxQdBhoBK584qvMLR9sbRtc,C5oLn4eK4qT1c25N2tFtmbsFxEPiFtc5RWWKUQkRdgdJ,0x3317AD9eDa6942b5a7BE5BA83346C0Ea82C3C26C,4zD5EmFE6kdau8R2PqN6UYshvCQxyRSLj1joZnxi4XGVcDSaHvs52fCpA69ZnxvMkRXXQEfNrRjv2UypZ8RaZZSL
2025/6/24 16:37:19,Cfy5rFwmU2fe43YbR79F1Nsm1REZ9DurQ3aoKhP6ANgt,1000,3QWyK9Mv2GjbK1GX33hWMHxQdBhoBK584qvMLR9sbRtc,C5oLn4eK4qT1c25N2tFtmbsFxEPiFtc5RWWKUQkRdgdJ,0x3317AD9eDa6942b5a7BE5BA83346C0Ea82C3C26C,66dZES61CQGe4xZLL7kXqBwpFiwmCnwkzM1ZwfXxrXYjQA5DhxTA1BmAWenoT977B3XopRDGWFA4oFjYiYRCK1Uc
2025/6/24 16:30:14,6uhgbtRFTdYn2vCMMKnWZFicjjDRdcpySRsY5XgftBnw,1011649.280167,HUvZrp62buEiiJd3JWvEZmCBmpxQtfS86fS5GgCAAkM,C5oLn4eK4qT1c25N2tFtmbsFxEPiFtc5RWWKUQkRdgdJ,,4axpq2Hv2nqXDdb6jUwGgnqhhjwJG4KPsXxHZPro4EruJMkk2B3QaSXaTq7a6FPRgWLPDBGGzdMJ9Jobw2XMsmu4
2025/6/24 16:03:04,CeJ8tWzMR774zUVahNjfbYfmHwXaHuDyQdvUYubhDjVX,85000,8EHyL1UZyRfTfCYBjrS6Q7S2B1rugxyeX4vfuquhZC3d,C5oLn4eK4qT1c25N2tFtmbsFxEPiFtc5RWWKUQkRdgdJ,0x8de8bD3B27932eeDdcdb354CCa625fE3dB491E54,fGg2ErJJaLNzGP9eeSgGidi4sM5fs7yzh6EuSTJjxMUhEAnnxWmevW9XYfNuLJxJgae5wLaVxoriG3NxHbqgM2d
2025/6/24 15:34:16,DG9BhHk944HmvedgxSPU8uUSw9jyeev9Qwa4dRPSRhrG,114847,4Le1ahqKWnQC87zVXbfgUhxw9nxF92ANPeE3xH5GUU52,C5oLn4eK4qT1c25N2tFtmbsFxEPiFtc5RWWKUQkRdgdJ,0x01Bbf816f2342d59B77E0949D71b4A74dB51c045,2B3JCBbc6rcSYuBReU3raNMZkWwasiaoBnW4DzH6qXq4MqRcHzDbwkSw2sRvfnUqvjGN3fLG168XACoiTgFJobiz
2025/6/24 14:52:10,Az5jaz5zp3KV5wRJCyv5eaa7VJghhxKq4o1EPg6MKk1a,450000,A3kk7s25vCrdzMMdPRC8P1zBoqySsk4PodxBmY67XjLz,C5oLn4eK4qT1c25N2tFtmbsFxEPiFtc5RWWKUQkRdgdJ,0x437f40efdddfd6c63c90504d3df97f9c8326d25a,2jxXCEvjyXUWK3gCNK2sM2xP5BoPbuL3etv7YUWwXmCP7mtQtXodymY9znCyroo8BVpKHhwLepR3Tka75PciDWhU
2025/6/24 11:27:49,GGMj3RewCiRYZWfYucrEaC3LLHQTFe33wpT74PLy86AS,2362240.026402,6LMndLPXPCDdNHAj2vDF1arEfoRCC4HQLUs29xJiNyit,C5oLn4eK4qT1c25N2tFtmbsFxEPiFtc5RWWKUQkRdgdJ,,5FciP8kRVveELt1j1nqykhfyRaATLyE2JZhTkMXXSzCFK34tzvN8ZVjHytdyQtYkx2V7gvtGjr7bcDKws8qwz3aw
2025/6/24 00:43:10,7vEk2JU24XmwuYLubSgSGhCfAAzAGrJDPxKTmHSUzf7w,500874,7AE5FbPCeDkLN2ML9z3aGRtNsgTq8XBKKAWX1NuZNFbJ,C5oLn4eK4qT1c25N2tFtmbsFxEPiFtc5RWWKUQkRdgdJ,0x303918A5A9E7a5C522E7b1Cb340Ff7d833F92CEB,QFSWhBBGnUNgq5moa88VEnHd8wejvKvgEJw9pzvjwwgMjB1LaaB3AznNgyDSUX5Bo3GukBe4vVvmCVXySp475b5
2025/6/24 00:35:03,tromX1oY3WjxhHVC8hs83LqbRN1tsV2ggBoh6GfDmcc,2821537,7sEUWCqLAgZuEBkmUuKC7kKw2p1DE3ttgYA3xn4u68Dg,C5oLn4eK4qT1c25N2tFtmbsFxEPiFtc5RWWKUQkRdgdJ,0x5030170c5dddd73545419f5c86cc3853f7179599,3gruZboyDPPcDcvKYsZTTh1YTZwzTJMygqSrnVEXwA4SMTUncHNS4tVsAvd4eu9bCr2sndpwcjk9gmP1haLuB5xQ
2025/6/24 00:14:39,4kqm7eHYxT7NX56WefnBjGaTVgUBMX29Ugu9Ym7JTuPd,810000,5mke8iv2DL6BbHMhH39o8nVFqZdwPmxHEAvW6VYe2ADa,C5oLn4eK4qT1c25N2tFtmbsFxEPiFtc5RWWKUQkRdgdJ,0xaa5afe724cb02227a5a636d8867003ac4513d9a4,3adgRaiYadk7eZkwX6JXDaaZLzsmHQgXCqcF9itMwm1oYxg1E1NEhZNrjbpG2xtqqdKkYvJpcHeG8KacN7pQn3ys
2025/6/24 00:13:13,2LsvEzWcUoeXvXGbdJSqigDm8eS3ikpgTfVL91HmPeZu,5274828,8jE1qo5mxi7szptXK2UXHsHqjfwK4Td2T6Pu262r4B3t,C5oLn4eK4qT1c25N2tFtmbsFxEPiFtc5RWWKUQkRdgdJ,0x025e488027f3e11694889f449bb66ac1957842dc,3z37DGttXjxh5DRqMJD5emtGGTFjYGM9Fp4Nw53tSu1prDhXe2fdxVvzDxKjtqc7eoomafc2TV4fXcHHvdaty9DW
2025/6/24 00:00:00,5bcMsyuWwov62U4i2iMpJ2JqrejWq6S8eo1APCozHmXZ,15862,7ziYJx4d7e3eBv5GYuJzmGwwhQC16f5pgn9MLGCXbGA9,C5oLn4eK4qT1c25N2tFtmbsFxEPiFtc5RWWKUQkRdgdJ,0x2e4eD688c1070Adc406317e77E869e81b470DC20,4zroJb9ArsG2J4dV4go9B5DqDsQGAb6SS66MxUeejGofNRygVariDdqFPXrR11qyqCLD4UoANZic98vBiQ99ecML
2025/6/23 23:58:39,GrUdisFidjRCoWnEdhwJeefKgfkguUfbpTaDHYA4A397,44063,BRAATNxVypoQqBmN9UymcwdBqDEYWW6wVBY1aF9Mq6ge,C5oLn4eK4qT1c25N2tFtmbsFxEPiFtc5RWWKUQkRdgdJ,0xC76F7f983D8d0CeDD3adbFaF3B3497909664BE03,4uJdw9TZc1miGyNP9Afk935Z1VSuqfiwyvA6jQv3VkZDs9NijhUCFttBv6MsLSJUA1R2Wc6ziVX5aJafRaFtbLpx
2025/6/23 23:57:20,6jExQZvj6zf83VVLfRKGwaoH6UqeN5ZYsiWSJxUZ9afp,382347,52qtYk8n9tMb4KyXR7PfHyA2jZzuo6rPfKAULqRMv9pr,C5oLn4eK4qT1c25N2tFtmbsFxEPiFtc5RWWKUQkRdgdJ,0x030f61c14c10b9601842ba60cef6d82c9c223cf8,3dAZMZXhT45CvrGUBJo9goCB8JShZf6JzVzfZQLx5WYW6uk6DsP7JHuHPzTXDyxHV2Yi3Uy9ZgU8u3Vid1fCNkQ7
2025/6/23 23:38:53,43vnZRfoizE4VHB6PTYghDGzFUxgV44rjVkDrZKgb1oN,3799442,DdJdYL9Ax19ESqMx8XihDKkxCj6BBzdrUucL5GLk7fYU,C5oLn4eK4qT1c25N2tFtmbsFxEPiFtc5RWWKUQkRdgdJ,0x0454d555de8458B29dAFbE93047536b7313D8bE7,2b6zqjv7HF8dxZMqKkpPbUYoR3ocR9Ac3jeeTU3sfGLLt9FwakRyYxWTmRNmmPjwvtLunxkMMpbr7z5XT4pd5ebU
2025/6/23 23:38:12,5uBkrQaZUa9ayC3z1UtDtoeeLC5Xp1m8RooCKnZqijMt,500000,9qXmznhtrNfsDnf5HjBw7XF4jNxoZa4hn7euhf6Pgaar,C5oLn4eK4qT1c25N2tFtmbsFxEPiFtc5RWWKUQkRdgdJ,,5eC7ZRc6rLPqEdKzEnDydifsZPtvtvfXvkt6kt7aNRUKtwG169UyLRZFLqAamJzu3uuFCtytmua6UVVoFtu3S3Lg
2025/6/23 22:39:21,DG9BhHk944HmvedgxSPU8uUSw9jyeev9Qwa4dRPSRhrG,100000,4Le1ahqKWnQC87zVXbfgUhxw9nxF92ANPeE3xH5GUU52,C5oLn4eK4qT1c25N2tFtmbsFxEPiFtc5RWWKUQkRdgdJ,0x01Bbf816f2342d59B77E0949D71b4A74dB51c045,4CLrK2CkUPTdmufwEem5asiXANURGiPBo51Kh1o2MitcFtA92Don3xixk41MhZ6mC7j7a7ZJFXqY1K3zHnfMZpvb
2025/6/23 21:42:40,HsjQjpFZ8ytxKx3EyFc9W1NYSoNP2TUC3Vz9naFrkRfQ,20000000,Ak9a8bkAk46aowtfr18vcZ8gqHgamM2tZKsEW3LNBR1r,C5oLn4eK4qT1c25N2tFtmbsFxEPiFtc5RWWKUQkRdgdJ,0xa868e2f00025694aaf743b1eb8ab5770b47a950f,3NTT4imoAcB4b8JwQ9AXJYEpxK8HTjnhLnyqq4wiby3drRiDdTcFm2QuhJnTNPbXii5ZN7MEDyFknJ1jTMZfBuyT
2025/6/23 21:35:41,HsjQjpFZ8ytxKx3EyFc9W1NYSoNP2TUC3Vz9naFrkRfQ,1000000,Ak9a8bkAk46aowtfr18vcZ8gqHgamM2tZKsEW3LNBR1r,C5oLn4eK4qT1c25N2tFtmbsFxEPiFtc5RWWKUQkRdgdJ,0xa868e2f00025694aaf743b1eb8ab5770b47a950f,3xjTpsrtATBaVQfMbSr7XCcwjXZgwEJUJNFexqjoareYJ2WViQ6QMZN5iHH5qLzHNDpaudeHi4LkFppsomAkmiPT
2025/6/23 21:23:06,BfGmGCxaucmtZCBen7o936vPyYRgz1djf1PQ57kWrBYb,554427,4JyjfnDtUmpqDoEA5vngQBdbYDoHpwiFJbP9FYS3qVXk,C5oLn4eK4qT1c25N2tFtmbsFxEPiFtc5RWWKUQkRdgdJ,0x2e066e638e6c96f726e09443a9fbc30c34a31c37,XiMVyfxtrs3v6iCAu1FqKKu4WGhMb8fr96jNnivUESQjYfCBCSUCB3Y3P4MGotuNRuk564QKQh8DGFpb4Jdapot
2025/6/23 19:45:19,4ESUih8sdPgCMbqApb8bjQdiPxJ8xd63egeBTn43En6m,372909,CzuqnswRtEfd2nQcn2C54dyEqL7eexctpfATbg9nQtFd,C5oLn4eK4qT1c25N2tFtmbsFxEPiFtc5RWWKUQkRdgdJ,0xdd1acac1f4de9a7bf0ea1064ea1eb16797134d8d,5MHUs86JJH5fMktuNsdLAvHrQz3wJQHfar7fK1uXtqzdGcdqXmBaR9a3UBk5EXeyDgihmQVynjJjEtd9RiRekAsd
2025/6/23 19:39:16,DAJGak2FBotfgSNkcw5mJfoLr15znkmNeJr7mj3UaWKs,24000,7fijWJnUwCLuV2Qsdi6DjkeK83VEvpbb82hhtzJt9wCW,C5oLn4eK4qT1c25N2tFtmbsFxEPiFtc5RWWKUQkRdgdJ,,4G4ciyA2aLEGNknDfrNEuMYu48d2Nuy841cWp63uLhXuRD4EerVPhRHhj5tS831PgBEcUB2jmtqjcN1zfwavPpGY
2025/6/23 19:12:09,BaT66GA72K1hqX78sVdkZBrhNU7XWQKG3bZwpz93t74U,2067850,CLgTVgifzRCvhgu3shWqt4xxRvQ18dFJ6VWMzyvuo2R6,C5oLn4eK4qT1c25N2tFtmbsFxEPiFtc5RWWKUQkRdgdJ,0x446ff58441ae53319ee42c25924c9b2536f11b41,64SPQc8hv2Ed53W1SqkpFpRMSgK9rHMtEJ5A8a9KiyprCrFhYgUDwCfQXVzBRMb1jwjjYyjJNuvWJKSAZDJGZHFG
2025/6/23 18:46:24,Atmd2zYZnMu8q3PpmX5ToA9ZvC6vfCHJzT5LKa2JKLiZ,3784865.243155,9wguEPBQiXHXGk9gTZ1qHZCoJZPxU8ywxRTuEWMaxYH7,C5oLn4eK4qT1c25N2tFtmbsFxEPiFtc5RWWKUQkRdgdJ,,3CDt8iEfaqJHqWaNAjf8tCpW112ehUzruaXRVS52Ew4JDdVaZPGPVXcNTbLaHwzJkDBbCVioEpSdQoGcEciv6tkk
2025/6/23 18:38:16,4ESUih8sdPgCMbqApb8bjQdiPxJ8xd63egeBTn43En6m,3855948,CzuqnswRtEfd2nQcn2C54dyEqL7eexctpfATbg9nQtFd,C5oLn4eK4qT1c25N2tFtmbsFxEPiFtc5RWWKUQkRdgdJ,0x371aab6cffbe80d6b06a7e6200d7d673dca17e39,5yE2SLUPGSGv2xwbnM5DAGmq5dy1KdNe7WnY52fw6mDjBbUdxU8tNkN4jj1ozTGHfFLtkDcCzjQ382megZ6nmsav
2025/6/23 17:31:26,BnmBh3ouEWuQkrJ1AaFTKRK6eczKycgS4kBngrT176q4,30409,AaNnt63zDNiqVLmnpRpHUoFEJhjp4dqMxdVHqpWKsAhp,C5oLn4eK4qT1c25N2tFtmbsFxEPiFtc5RWWKUQkRdgdJ,0xa4993072f5983a42b73a5ba6c663fd30ac43bfd4,3ReHtn8fhuQ3E4Pi3BgauhjFZkkvjY67SVwXHe7xsbBt9ZBhbzYwe3FFF8Zf2Ji5kRSYLepTyrdFGsBCSyrUQJAw
2025/6/23 15:50:49,9K2jRAfuS7ckDzxstfXJ6mWMSzdSoNuBVKQBsxBjtezS,600000,EEgMBkopQZEasnRW6gwfMqryCzSeBqZdtXou1HNFdaYy,C5oLn4eK4qT1c25N2tFtmbsFxEPiFtc5RWWKUQkRdgdJ,0x4ec28254efdf5f2ea4290b8c9f1d53b0cfb66666,8NwPR5D9pQb2hTW9Ps8W2q54dmwQHUmaaGq2h3AE5PbE3geUsXbVVEh6UrixQATGGYnF6PdbdUP5dbotmLo1tWB
2025/6/23 15:42:54,Dfs278FhYTM7CXgugbvRDG86NLxxQHgvKutJu89aGu2a,300000,Fm5WGHFbHaj4iKPzMm5jacbMWoWEUz3biErPEkoPQP6B,C5oLn4eK4qT1c25N2tFtmbsFxEPiFtc5RWWKUQkRdgdJ,0xa42735c3b81e533098da5a6a6f7946791ef63c18,4twc6yFqBebH5JkXcHrNH2bxrpQ8RdMUiyRJRKAZ7tmXCzKNasKTYai6kad9xGvySSAGc2AUGZ5dwmy5W5ZJkzyK
2025/6/23 15:39:25,NkjfonfZ4xRAP6uw2rJcymR3hV7Jq1cqbMVUf5mxbHr,360000,4CjACXqjAq5MSVoCoUuN9V43JU5KF2VK3u97x9Afzuo7,C5oLn4eK4qT1c25N2tFtmbsFxEPiFtc5RWWKUQkRdgdJ,,aWdR87G4bPTHCtzaWM2VrTyYU1yLTw2bKcUkU75zDC8192Q2SWfUEC1QKSYqAYwEmYEiTZCf2EH3efyJjsHdi7A
2025/6/23 15:11:52,Cnw78ztXuFNpQ3d79ekbGFDBbPdUnXT6rELdzPT2H1Q3,182342,3fxodx2hHak16Md5Dej31SW6D27XHzXvcRLZe8yG8XwQ,C5oLn4eK4qT1c25N2tFtmbsFxEPiFtc5RWWKUQkRdgdJ,0x3cc979227a9111e1853cef34db83093fc2b08cfd,52icqdSXEtLZqrFpgFb51b7dYPLzPZMoxZyGfjGk6w9irozh5J186Lj2ZE5CNvdmefDpm9yu2PzgxTvEL9hkcXYV
2025/6/23 15:05:06,4vJyVGWd5iGXjyatSBfLjWWB4vPyH2oUdERjcV3i5N1V,33995,3CcQPJMBwEWTihC6HyVTqCQxUu8XU6y2KyxGPKy5A2LV,C5oLn4eK4qT1c25N2tFtmbsFxEPiFtc5RWWKUQkRdgdJ,0x2af5a990f190f3859af630d5cf5af950642d29a0,2vZmXyp1ZJSrt2onYtr4udHtJgrQGBfj1CWtSqgUPCEccBy2gAKiKz3U4WzgjTwfnVCxeYiJ3NkmnBLQZFMA4RRr
2025/6/23 15:04:43,2q5SKD6uRgjnv7CczQJ4zin2AiDfpx6BvZ1ECgqwoaHy,2386,DWrQBAvLfWFiKqwpjVMXF91ytx5Yp6qheNzkJ18QWVpv,C5oLn4eK4qT1c25N2tFtmbsFxEPiFtc5RWWKUQkRdgdJ,0x19439fCdB55A5A16f44d9AdEEa68670414B3a5C6,4oQsFJBLDp4Yq2DWFhH95cdnsyfFwa2R3WqbAG29qoeiuMNqfXD5y54LPK1yvgFmWwb6KSj9AN4DNDPhBWSqixPE
2025/6/23 14:03:39,48M9bJViQubXD1bYpFXfJGPkYmuwbHj6PMo3tKscHKGU,345929.25,7pPhpFAjP3vZqWAkPdBYVBiUsQ3Wkm2wwQnJKKaaTxLH,C5oLn4eK4qT1c25N2tFtmbsFxEPiFtc5RWWKUQkRdgdJ,,2B7TAnyPdCkBzJ8ieCZhu2giyATxz9UF4KC2wsnT9g6X3TCHojTFAaaU8t4kkR3uN7rwXbCdqkSqDJCSBjfeM7oF
2025/6/23 13:58:41,48M9bJViQubXD1bYpFXfJGPkYmuwbHj6PMo3tKscHKGU,496967.688231,7pPhpFAjP3vZqWAkPdBYVBiUsQ3Wkm2wwQnJKKaaTxLH,C5oLn4eK4qT1c25N2tFtmbsFxEPiFtc5RWWKUQkRdgdJ,,5Hqw4um237kUQZihiiU8WzWHbhfdCSVvaXCCrEiCKNC2eVjo6ytnGphmCYPGXQHApcttQzZ9FGG1ozvsJeAsMf1G
2025/6/23 13:31:25,9T5rexp16U3V3oRDKmkVrcz6TmNvYcvuhQ69KnaGowFD,6525620.994215,51HE2SadwSfogNtmoWrhz9yzmREAURN2qZ6WurKpd8Rr,C5oLn4eK4qT1c25N2tFtmbsFxEPiFtc5RWWKUQkRdgdJ,,3TVegwisMsEvCgrxA4QHxPTe1uatrBFWDQfmmAxJqKbdK2CA8aqYD8QqLVfBd45fzXES4rt3wcdcgaT2X9Hhxzz6
2025/6/23 13:27:53,F7WtSyh3QtEkM1bJdnEDGWm5ikrMZg1sx7SDruvdjgwr,107930.523911,FR6ZTWZguqMpKARnkgrhFv3w6BhKR7qQqVaDKtdYdnRg,C5oLn4eK4qT1c25N2tFtmbsFxEPiFtc5RWWKUQkRdgdJ,,4PBkbxEFjTJ4cWhJb2rmPDth4htQ1yxdWQrSs5P25rzLHADzu1PERzmYytTsrHMFYMPVsAtwJjfYLCupvgb4Fdqx
2025/6/23 13:19:21,4HS5i86dvXxtSyXnb8N4M2D2SNGVaWHGbkBvUa65DVU2,1754656,6CntpPT1bSCUYg1iZpGBAktbR3bc6wGRq6DZxHdMYFa9,C5oLn4eK4qT1c25N2tFtmbsFxEPiFtc5RWWKUQkRdgdJ,,2MeDyXPvJDM5CBrzug6FJVAWzxk8Fq6hYou371gKoMUYoWbUhJp1hKHvyxkFzoV24FgDkgw5zFDeCCPrscAmvKPR
2025/6/23 13:14:00,6pzmwCCjt5Cw8U1haJ4tfECJqZg4XUFJw9dGfTQxa5vD,2040700,GbEnTAj1Fk3Sxugx6JhZe132Ds7eo6yL1Dn1Pge3A1bz,C5oLn4eK4qT1c25N2tFtmbsFxEPiFtc5RWWKUQkRdgdJ,,5zxroCyXA2dMRvwmsfh3YPvdez9g7JvcvEznGnGan7mXcMA2L6ee3XXQbDdBDCX2gTgSa4p1fM1GWMvrNxXVg5Cc
2025/6/23 12:53:27,8ze6G8963U2NBNeHzfzapcMyAUhKkTh2hyBmdhUMLRcs,8921207.9,54uAYiovb4yFM1yi9fqksQ5PXyhFTmhPd6r5qDgVThtE,C5oLn4eK4qT1c25N2tFtmbsFxEPiFtc5RWWKUQkRdgdJ,,49mabCUzisugBjskj6ALbNPue8SvJEk9p2K9enZb7KL2QEegtCUEd4hmhBYyXaoJNLjZap27DMidY3FXuwQEKnAm
2025/6/23 12:43:49,2QaYPvGMxx175vY4Uqyv1kzSX9zEoWzXopXBzf4GcWNx,273983,4gLtZgQT2Rt3mU6cCuv4YHXTBrEa8D9vpXHMxkJS6vwY,C5oLn4eK4qT1c25N2tFtmbsFxEPiFtc5RWWKUQkRdgdJ,0x768995816fb3475016dc3dcdddac4277b7728d0e,2S6yd5s4rpjrmsBZLAPSSUJrcmYAx8HJxa69rKv4rquh8S9tuTWpqhoJtz2zDFNXCMP8fdVbmiSYbeokWyuaBRze
2025/6/23 12:27:50,DjkSoF3HyHXxV58vUe6aonZktWF1v1FvUoCEuDrmtUDL,500302,Ehqw3rqJwzm8ePqzBLqzsSTLGaCqjmV7LZQ3ZmG5UCNk,C5oLn4eK4qT1c25N2tFtmbsFxEPiFtc5RWWKUQkRdgdJ,0xbb39486fbd04299dcfc0b315faf765894c68d4de,3XuiaVJwcU6a7daKPszcV2FMjejwEvaeW5ueMMe8ghFejXTmnNSMVf7vsvYu1VXrYpEmWLwZ4shHH61YtXpYDHjS
2025/6/23 12:21:08,8pWXgMwY4zYJuTbdd41TcVLpttfp8iLScdoGQ49XzQbj,1000000,618dKKhrewJTA6NhiSKXD7y8xsaopS5qwzijQt6nJE9U,C5oLn4eK4qT1c25N2tFtmbsFxEPiFtc5RWWKUQkRdgdJ,0x75d93701bb752edf357bbc9de4a3d0aacf8127c2,3wj88nmjJxCf6UcR6hde6rY3jRqHUHqs1ahtBgQyDmhWQznxC8UMQ9hkuHGw3NL8DW61SGusUm8nDvxZ6JEQfqJf
2025/6/23 11:23:52,CWJeHknUjuftQ5jk1zhtRtnaXzLXcqTtjnn37PLG8rcf,76622,4UNa7pgeFXHK4xUbXSWyhQ5F6sJN2oWgf53geyhQbKy2,C5oLn4eK4qT1c25N2tFtmbsFxEPiFtc5RWWKUQkRdgdJ,,5pcpxgritDC6ckMdG4ASaC1kPzNWG6gdefLTRXCyCYTNyR3exZ2WfnmesTXWaHuQkPH6XcDAVSfbXtfYAwvJNKEQ
2025/6/23 11:19:10,2N53Ui5LhNPe8ahpQC2xwUAqEZVj4RpTifRQ1tYKvQvx,17530000,2LiNKH7bmkZ8W7eFVr3imPnxBcYG6iJQjf8eyueGY1oy,C5oLn4eK4qT1c25N2tFtmbsFxEPiFtc5RWWKUQkRdgdJ,0xbbd78233f019e3774baa601b613cea31bbddd4bf,679AFn8wnhaTSoNacjCAyQy1ruQ6nyvkYp5PExMuCBTfisFoAz7LSBS21oYJBVbYDgmmy1udbE6EGJV6Xpbj8snQ
2025/6/23 11:15:54,7GjeiAajanV2rXjdCEb6H1sedHKscucQgzY7nq73NyHr,2269005,4G6x5mGiHLuHKftoY4BiC8GjzKkPD7fYkTRdhyw2Hvbh,C5oLn4eK4qT1c25N2tFtmbsFxEPiFtc5RWWKUQkRdgdJ,0x374Dd2CfBf70580e9366e35859DB6343a2B4bee2,qTCWfTdTPG2pZ56vSzYVpPH2S8VeGyWSgnXD9evxTD7kKTLLj2KKqB4Vq5rCJPcmkt6v6w6cqxP2jGjAPUe8aU2
2025/6/23 11:12:04,EbhtG7LPL76NqQr7i1EkbyFhdo67onYasVLya1ckA7T5,270000,SXkxauqrwNmLHFykdJMKZxu84RwXZxDnUGMH93nkriJ,C5oLn4eK4qT1c25N2tFtmbsFxEPiFtc5RWWKUQkRdgdJ,0x1AccdB447c65D5F40aBEEed4BbCf07f4032D2A3A,5krmkvjjb1MqDsJZu5jYKY4fS3uyJSJFxnv3jYcNMVhSD5uRcqYJQaPAumMKdtMAiqDaj4SgbPsb1PM5pF9UFpj8
2025/6/23 11:09:28,B2gHVeC6K77x4UXrWmGvK4dTA8Xhy9eX4tgo7EsSGiSP,180000,7zoKhxHG2reSjyFFJSCoMrxC1s99V6pDn4hdcCLiJF3k,C5oLn4eK4qT1c25N2tFtmbsFxEPiFtc5RWWKUQkRdgdJ,0x7c7fbe9df9ef24f6cd2eada7aa28095840594432,4VnVE2c4GJuxwLcriSHhozps61BdvBVasEUDjZUVbGvfeQFEVPx7eQFniLTwsBbvPUVfZmFREBfmnTmHdBrQoHvE
2025/6/23 10:52:54,8v61RHnVuNcKKi5WecEoCoRgdR4ttF5KwpfTiSDFuAsn,700000.688673,4RBKpGH27ycAeDqzz2v1gBqLC8ay4GvuRyAkxjim8QJT,C5oLn4eK4qT1c25N2tFtmbsFxEPiFtc5RWWKUQkRdgdJ,zc努力成功,3s54CeafNKJxtVZT1jmEZVTubeQYzWnJPW9w7wMykdU636GEATzuPLoQESGM9SATvCfSPNG7pLb9gHxbFTvULjHt
2025/6/23 10:35:57,9cthbqwvwzYkfFETDytx8y3B6i4TTXfTvnUuDieuJksG,546556,ArB5FxHo6zc6zyxmz1tDJLwWJ8nt6NaoTgx4XJJB3uVt,C5oLn4eK4qT1c25N2tFtmbsFxEPiFtc5RWWKUQkRdgdJ,0xd93aaee6a1548def3b2b16f982900aaf0fc7237c,4BLhADC9yp2AEmiGP69MJCfXhovSsGrGAP6xYjUBjjkJbEK4kQVFVu2AhmSHkJGX3hsvsbRZfNnaAAzDQP5VEHVk
2025/6/23 10:14:44,63ViiSzBgroutvyq7jFw949RAYLcGziMtfzsi1rxLG2e,55555,5zZwi3aBsAD2oDv6sbEHkeJEdCszSaJE1erMUR1hHW2X,C5oLn4eK4qT1c25N2tFtmbsFxEPiFtc5RWWKUQkRdgdJ,0x658CafAb073a0EC6Ce6Ea0baA07b4E6820F560d3,3dtvZrNjBk9VH6WJYFczWFT2SgFZM6b4JgyMFPbNTFfLaXxmoebMEeEjEs1pNi32cR9UcVD9X9ZKnd4EaBxoD8T5
2025/6/23 09:52:21,AvpZAFruMujubVcFnbMZzM2VdwQbrKae6j6qRt4mmwzF,318954,CagFQEaiekJPEcaFVshQfuKQi9KgQNgvje44fzo6DKFa,C5oLn4eK4qT1c25N2tFtmbsFxEPiFtc5RWWKUQkRdgdJ,0x6c8ce3ccb7711fcb8a1813277de063db9e61a074,eEFoKKVzPb9edJ8sK2UjwacAKepMN4ASFVRLHmsPtUVVVwRbPy4JcuX2LGoTaSuwwnXtVtZQ5ngMgBiYv3Y7BHb
2025/6/23 08:45:26,3bS7S6fqwVuN23hQmABGWBnXVzEtCkd33GxJy95VBdPW,143510.609362,3N1uPB92guMejs8SqRFDig5DAKRWVEb5Z7RGAZ5s2e35,C5oLn4eK4qT1c25N2tFtmbsFxEPiFtc5RWWKUQkRdgdJ,,2bGEN5D4BEDbn6qugYHbxcL3oLPzr9WZrLN1Y13gvk9RMyPc9ixEka1PMGcU4F6rPjmbNwzoqV4dQeeNgbZxZfhu
2025/6/23 08:40:26,3uUEPMe6SHAKdoTtnrjJg3KeBNAAwF2NpZNS5dj9fgTq,2119415.75406,ETJmJpaANbXy9Q8M7w1gnh5NeBPEEqrndHWQMGD8Wr86,C5oLn4eK4qT1c25N2tFtmbsFxEPiFtc5RWWKUQkRdgdJ,,ZHCZVKDC4koNbEeEHuTV4RyinoXAeyQ9ciNzHZ1U2nfPex1P4tRKRwy8YwErvRdPX8y4v2Hn2UPDMr5azzTyi7g
2025/6/23 08:39:51,8aege7GEfwt8QsJhEPqByNvHk6WD7uNpyA2wiVgFQ7cN,2241707.709972,6SFgruZcJGSDBmgywemoRzHpdU1qoRJ9MaieqNaBR2Hq,C5oLn4eK4qT1c25N2tFtmbsFxEPiFtc5RWWKUQkRdgdJ,,3wyC2ofMgLCa486GQPxuoukEiEuudoeS1FkWfT9AbazuhiQHoaWaSneHhKa9yr6KKyeXd1tTj1SY6wtMGHNXgS9Y
2025/6/23 08:39:12,8hhx23Jg3Rm4kSkJjqJu3KAPNW9aDLVQQ3P4YNJvCen1,2755566.744081,HugZJ91sTRTPdS7iTgevzW8WShg4Ac5jyEzpmDbYsg5g,C5oLn4eK4qT1c25N2tFtmbsFxEPiFtc5RWWKUQkRdgdJ,,2hy6mdxgA7PLzQdnjyJUaSc4kZxNmySZKDDrZYToSiWJ3mTpQN6Lm3PkaXnwohVisA5VxHyte2Po79yYwwGdmw7M
2025/6/23 05:13:37,8HjXa14XamKF8fuwHFwgwXb9oFb4TwE42SkHYscKk1yq,1000000,52vSkuB8yTUASEPNpPSnF8mQN3buWZfaQCw48jjzrnMM,C5oLn4eK4qT1c25N2tFtmbsFxEPiFtc5RWWKUQkRdgdJ,,3Aatk6wD6E2wTdzsGJZiAN5mFJX5ieaS3QCVbnZ34NygJTDyQHTURgXUCcU6cui81kpbQUr3FNfxasmqhqfW9h3a
2025/6/23 04:37:06,8MHEvCQZ2BCVvHZZT27cXn4qxyGcWYu5S9ZPnPsqoTWj,334401,2MynSTejScAFFYaNFGEdkoPdjnKMESJUR1kqq7A8ZWq1,C5oLn4eK4qT1c25N2tFtmbsFxEPiFtc5RWWKUQkRdgdJ,0xfbe9df741ba43be0d91f3438b4c3124de0f150d9,5AR4Jh17YmrDA8ZSQqNqbAVEMygD865CKQchycbFjHroFuW9b66fSSo6E5MUFhb2txEwponPL19FVBnyCNQgAPzB
2025/6/23 04:03:31,63ViiSzBgroutvyq7jFw949RAYLcGziMtfzsi1rxLG2e,5000,5zZwi3aBsAD2oDv6sbEHkeJEdCszSaJE1erMUR1hHW2X,C5oLn4eK4qT1c25N2tFtmbsFxEPiFtc5RWWKUQkRdgdJ,0x658CafAb073a0EC6Ce6Ea0baA07b4E6820F560d3,5Q9LZhCHqnKXrpu2prnPXzfoRAonZfZJUm9Pj9hAtZc7hsPXRWowMNZPeqGL51GwcSrGyUGT6E5URGe6giKcGAYw
2025/6/23 04:00:51,63ViiSzBgroutvyq7jFw949RAYLcGziMtfzsi1rxLG2e,44444,5zZwi3aBsAD2oDv6sbEHkeJEdCszSaJE1erMUR1hHW2X,C5oLn4eK4qT1c25N2tFtmbsFxEPiFtc5RWWKUQkRdgdJ,0x658CafAb073a0EC6Ce6Ea0baA07b4E6820F560d3,27qGMTCQU866iJWQs8Sxx1Z8JR5SN8WCjr4cmW4beAFR9mA5QVSf3Lddzuja8kPUoyRG6gRxeZW71WYwKzVzyVJq
2025/6/23 03:59:09,3u9KMLBrV323PSBwy2B4Uq1vcGRB688FxFEqgwL5KUas,100161,GLG2vQjc39WFtXdyDoPKSMQ2mrWeQ3dCQTLXDVPCbPVM,C5oLn4eK4qT1c25N2tFtmbsFxEPiFtc5RWWKUQkRdgdJ,0x564268FbC519C6bD202C877f6fbc9F2068d3BF53,2y4amPR3VAXiepRYpVtD6DhZzkZ5qriDR1jtUkM82A3fTpMxVXcnNqbTWQAppMFovT1AAqeMdAttkqd6MJa8r2gW
2025/6/23 03:56:04,63ViiSzBgroutvyq7jFw949RAYLcGziMtfzsi1rxLG2e,100000,5zZwi3aBsAD2oDv6sbEHkeJEdCszSaJE1erMUR1hHW2X,C5oLn4eK4qT1c25N2tFtmbsFxEPiFtc5RWWKUQkRdgdJ,0x658CafAb073a0EC6Ce6Ea0baA07b4E6820F560d3,AG8g3weNrjcvmensT7w8qAGpsB88fb7DT4WMbPnt65cwQG92whFNkCXNwc3Fax6gXFnxdwusVvPezLk17cQnfDV
2025/6/23 03:49:14,63ViiSzBgroutvyq7jFw949RAYLcGziMtfzsi1rxLG2e,999999,5zZwi3aBsAD2oDv6sbEHkeJEdCszSaJE1erMUR1hHW2X,C5oLn4eK4qT1c25N2tFtmbsFxEPiFtc5RWWKUQkRdgdJ,0x658CafAb073a0EC6Ce6Ea0baA07b4E6820F560d3,4nmT6MnrZiKGWam3gE7QQ4aAhwSYFrwRTPEMYjsrmnsvqKTvHPPFHCAk73zkjcxm6WHS28wHPb2VbCVr1SfdQat3
2025/6/23 03:43:39,63ViiSzBgroutvyq7jFw949RAYLcGziMtfzsi1rxLG2e,999999,5zZwi3aBsAD2oDv6sbEHkeJEdCszSaJE1erMUR1hHW2X,C5oLn4eK4qT1c25N2tFtmbsFxEPiFtc5RWWKUQkRdgdJ,0x658CafAb073a0EC6Ce6Ea0baA07b4E6820F560d3,spqjpCtExUM6FcZcmkiZGpLWU2kpJXraVQoDqpZLaWf9AoPhe1t3F1NTbaPHtjkCxeW4nMVvowKiGcMXFY6U3nj
2025/6/23 02:34:34,7zgwq67s9kyFGJGAD5Q7trzZ9Zq81BHfBDyQNFJMswM5,2550000,HwheETGaj312sUiqKWdDhyZQWnp8rY3Au9Se5NnHEwyu,C5oLn4eK4qT1c25N2tFtmbsFxEPiFtc5RWWKUQkRdgdJ,0xc9f540764fbd7e9bA788cE1306fefc8baf0e956C,3xp39tbpw4c5SREcRDpVyEPVjVu4PUwoKXScymJSGBskuPh8cn3epytUe3sBNTuyZoDrKNDJ28JPnb72TQajX3Tf
2025/6/23 02:27:06,B6Fjhz3s6XfqZ6HQDHfj5A6Q9vyhdTF5RqgD18GCHsFv,2450000,JBWcM1NNemBL174uFusrQcZjJnCDXBnuFuY9NAyER2cA,C5oLn4eK4qT1c25N2tFtmbsFxEPiFtc5RWWKUQkRdgdJ,0x372a5923258b5622564a98e2241A91F19A71a386,5mHC37b1Bzrbgx6LGZurun5z5Q6FZYcsnNmKr2yW5NDb7xS8xqjGP4LD7cda6137KMTVmPY1UgPX33DJ3YUTKwiG
2025/6/23 02:21:02,CKXyYjbWJUd7AWH4pDpMwbS6Xy4b9VAvKN6LaVhVeFcR,206256,Dr79PBH5XjrkomXdFvV5WkgMBQSMUeiHs5oQK9CtGkaU,C5oLn4eK4qT1c25N2tFtmbsFxEPiFtc5RWWKUQkRdgdJ,0xe5e93AF4123286A2764eC60ca61dCDa1D82c3ec5,5Dm6nRm3HwEdbb3gSx9njiqp9rgJjxJZVTFxydcHk6P6dH231NFKss5bDfTb6eBSnkKz3mixaJ44pYf3vEFmtu7X
2025/6/23 02:14:05,6oL5Za6u6h2tKKZrGLKASaG639b4UGA7hdMnSKwjRKUK,50000,FUM3catcZ7tV1A9R98Ny7iLVJzy7P33dBg8EQHoph1Xq,C5oLn4eK4qT1c25N2tFtmbsFxEPiFtc5RWWKUQkRdgdJ,0xdfc66c5B8B7b4E009C115426eC282ff112BC4147,4BEqw9sDmVq3xJPteKVcXF9S5QWPaSF4Ts1VHqVSAS67maX5ujWhpWqCHgdtJrbGKdGkzWqxGKd4T3wiT884kuSC
2025/6/23 02:04:33,6jVi633xEV9LaJFwkc9gPKrPyPhvfDTWvxzzrLo7Fr4z,2679218,EwG6xk1rzws3mKmRfwNiEGLu5huYVz6kusa4rKHDndKi,C5oLn4eK4qT1c25N2tFtmbsFxEPiFtc5RWWKUQkRdgdJ,0xD9E0f85244D7F4Ab5fE7989C3CBdF730A2e2d2c0,44HPKdqnjM2HwTBFUWExXzgu9S2cB9Tpc1sySti8f9ogUFV3vsmYQk8GoLxmbL3MN9HJn8ofcS4jURtAQiB1VwYF
2025/6/23 01:59:52,B81TKSsFuQgEgSzTeS79DR28chmo3893yqF3QCsFPkp,3500000,9XvphJD2hVBXo76uajGhkadWLnkLiNwrhKHmXPTHQxwc,C5oLn4eK4qT1c25N2tFtmbsFxEPiFtc5RWWKUQkRdgdJ,0xeD266779be01AdF6E15124ab76f502dA8e77cE73,ffWdgRUDVNJGeSPCvv98KxfBcDJrXBm4x95GstMF878cQUnQBUdRUs4a4rvXUm9o5nttTPQABBwuYJDcrnXhdXm
2025/6/23 01:28:19,3Xeseb3W7dfqg9JzvH3eJNbBKCMZMqFYXN1bBLhgE9ps,247697.344695,A5bHVcxZrk7A7WHxvpAnYyWQjFj9AqwXq2PYaCGv5aUW,C5oLn4eK4qT1c25N2tFtmbsFxEPiFtc5RWWKUQkRdgdJ,,4aKNfmBCqaAqZBihupHKRWq1rcytqhyL27QGc8MhbfmLNgzAJgK7f72rFtRWmkZggkaRVJUZvqhhJJLda7hKxR5G
2025/6/23 01:24:49,35AWqrtzw5G4CrjAjodchqyTpMt34LFfJx1J3dERXMgA,4071585.915677,5wDHQebkeYnYC9C8anhUkxbt5rQb6RoABUEAbdS27xRd,C5oLn4eK4qT1c25N2tFtmbsFxEPiFtc5RWWKUQkRdgdJ,,4tgi27gddPFmEnBhijEgSDzUS5etik7XcChcqozJeqemY3SqejYWWWaAnWHutqqu51BGrV8DhAy2CCZGVuMWWA9T
2025/6/23 01:19:40,F8fCWTy54zfpmyYeGDJdPgWXRfghvNfTjbgWDdbDGmAe,362506.236727,2vvPs5SrtidLc8MbkLAAWgRkFDcy5es4Cf2SkxrGD2YB,C5oLn4eK4qT1c25N2tFtmbsFxEPiFtc5RWWKUQkRdgdJ,,4F5Rct2yPXNP88TtZRAmjeBFdJwamqtbuYPCijjw1TCVexkz4rB5zc3gZPdqTHznKe9odXaAc68mDFcGFfsZ4194
2025/6/23 01:17:48,Dh69JFKPSwxCMP9kvbhgPsdxPdbTKTFhHKF8Z12fmFQ8,402236.747418,3UvQhgD1uHGYEgovTFj2Us1qyRsZE6jSK1LM5YqxQxM4,C5oLn4eK4qT1c25N2tFtmbsFxEPiFtc5RWWKUQkRdgdJ,,5fB7BYeG3CTunaGYmSYJNVr4SjeRmatVtprP3gMSXCFgQnSmFn7ihA88wV5sJdffctKfJ8jnSG1z41j1wYvk1ijq
2025/6/23 01:15:13,APhyMCpYjQ9RdEBn8cs4ifyBXjxAS5JtM3wYpWMJjsY5,298342.723067,AkwHfoYbjkkDX8dwcjJ8jQdRCN7XVXipskL3bT7YAy6Z,C5oLn4eK4qT1c25N2tFtmbsFxEPiFtc5RWWKUQkRdgdJ,,2V8QTc7WN4AacSRtGVCGmV1eKSRLXjEjmqNna5NXk1Nxp1DDLiq9Zh2Swm2o8kiwrJ3UjeMMiKBoN43gpcRk8jci
2025/6/23 01:12:49,9Ecoz3bxmy8j1EtrEDKZq6B1N53VxdhVdooVpLDQiGbH,289365.517242,AcTj9kVfxtW8XzLKimtLkCUNGDmA9kxTGsw4F9Devbud,C5oLn4eK4qT1c25N2tFtmbsFxEPiFtc5RWWKUQkRdgdJ,,42ec8Q5QARE9LTgFdVZ1QWetP2UGyuhk5mAjscU2v7iuASUWaMZv5S8FmfJXwz6wPubvxue27o8va65bNGk5yZZa
2025/6/23 01:05:03,71KNFmkWmjTkwqFu4deZnYvTHyK6QtMnzhjjWK4Areud,402597.000024,73AcLNUiRLM4YA7CiPsG8TeJVdba1rK5SqWL3LCnzQRt,C5oLn4eK4qT1c25N2tFtmbsFxEPiFtc5RWWKUQkRdgdJ,,3TVkLiLupDhSTbjfrES7Z6jrbKe6VtLq1QMYL521hyXGxQgQmtkLJ6C7GYqDBCzr1bXmvoP3isTrquCYsERUBbM
2025/6/23 00:49:07,Eo9xWUxMQhER54DnTTNCZRTn71GdHentoaqwxhVF9kWA,341938.054236,3tcwjBfiPGBi6d84SP8SQwznYZr4f7QC4GEmZJfU3cMT,C5oLn4eK4qT1c25N2tFtmbsFxEPiFtc5RWWKUQkRdgdJ,,4gjtpoyV43Lcpn46Gq6bWPAYp5NyBdyiupRCBScQM3bCq35dS6ezhHp8s1Eiut7YCYCWTT4dvbPmbDeLJB85wsc8
2025/6/23 00:48:55,D7hzLKgPRXJDGhcuRpTXfbWnxez41EVE6GdK77mhkxTx,4357732,A4U6GES7M7XfR8MqQVvmDhBw7ULp6oh3g81ZSYnYR46u,C5oLn4eK4qT1c25N2tFtmbsFxEPiFtc5RWWKUQkRdgdJ,0x521454F77E5Bb36528E8C15028C36005E804A7A6,F81tyYUzJSERchH7oLb7necpi5mPeA7bH1NKUGTmbDHF8bo5qAUww1ZCyybnYJEhWk2PogECBePwTuXXqBAxX2r
2025/6/23 00:46:22,3pFFuS3BVddb7eGYwwUDQDjF1aeWhnJYMAWB8npNPDjh,308462.293229,9Qkfmb8iiXGepTq4SaV6Wb9Wi8onYWdw2yw3yPXhgRxd,C5oLn4eK4qT1c25N2tFtmbsFxEPiFtc5RWWKUQkRdgdJ,,8r9t6y3qArE3uMV9mTxxCoMnSGDVR3PmwmQiRFxWhU87yXJKG8eEQd26dPA8fLTMrPehdStSPKsbeUucBa4quwj
2025/6/23 00:31:38,3xVWQGBVFmJVdjc2Jjk2dtsk2ycww12ooC2AosKdtfUx,288209.45604,w9ofcUYRSqUGQCSQD83kwTtffWP9o9DhGy4ebKsyu8F,C5oLn4eK4qT1c25N2tFtmbsFxEPiFtc5RWWKUQkRdgdJ,,5xsKYjkmdiDT2gCVq5omwAS49fKgKyJr8VgLNaC8HRKTsaNwXnRKJMb612zSKsxAuRugRd7P8WWRTdCqW9rjxrkK
2025/6/23 00:24:44,9uhWKw6bNRSFtzdfBR1By3he3hVtWxS69wRRVyH66oMh,492800,H4AEeqRVDDV4GeRbFQ9iV3jg1beWWvFxfwoafF4zc3mR,C5oLn4eK4qT1c25N2tFtmbsFxEPiFtc5RWWKUQkRdgdJ,0x801e17b131f26383a1a63cb0d5a75f9f399f0402,6cr5tgf1c8k6BPUBvLAANde3NQbNQ3X8DLxCWaNoHCmf3aBbnXaTQ5zwFo9eCvJrGBaRwCvEmKSm4Cy6Q49PH8V
2025/6/23 00:24:31,UzWnk612bvwLNj9qTTW5fCYWFoaeLy8tUUGFutRRUaP,849553.821393,3wAANhTSuckjLSZJ1DNofhnUANpceiC1VFrvFsGJij4V,C5oLn4eK4qT1c25N2tFtmbsFxEPiFtc5RWWKUQkRdgdJ,,Xn5YtQUS2R4Fdtwc2tear1HUHXfZqrtuu9bynRqXqoY7H3rdPtPdDo4BVAkojvSS8o6Y9qkZ1JJLmc44geBqVjE
2025/6/23 00:17:20,3ccZHgr3fG1TGALek7tasdcuTdC2vTNfKrrNNPvvNuCb,541878.915854,2F2sSYJCUqvH4DxdCvAC5F9vu59LMkyRya15mqFudEjX,C5oLn4eK4qT1c25N2tFtmbsFxEPiFtc5RWWKUQkRdgdJ,,sTRZ574R5kNYniUSMVFGx4AszJsd3693s6Hdtr7P7vkgarkHgwHYQcFiK81CKivayb3q7daGa4KaAfjfYG6YamW
2025/6/23 00:16:24,Eq6TwiFDAsdX32b939JfVmVgE1NMznoVWwgtNcB4xn34,73133.479492,9cXLXnBw8PCpuEkrKrwTZseBwvf2wgZborBcgZjKMH2V,C5oLn4eK4qT1c25N2tFtmbsFxEPiFtc5RWWKUQkRdgdJ,,47wb1KfUyPpNSJnSkfxexFqbSh5ynB3boRELVHNCnQykwNZ3Y5hYSmwuzqoXQ9YAq6qWjjuJhKzXxnHqEYGgSjvm
2025/6/23 00:11:37,APhyMCpYjQ9RdEBn8cs4ifyBXjxAS5JtM3wYpWMJjsY5,2873323.688883,AkwHfoYbjkkDX8dwcjJ8jQdRCN7XVXipskL3bT7YAy6Z,C5oLn4eK4qT1c25N2tFtmbsFxEPiFtc5RWWKUQkRdgdJ,,3x4uPnntMU8646V5urXC2RQpRY4X9h82oz4bzNKmt95jvBmZV6JaYqWqzeDrVNi3btMcG6JPdazD9eLcceKyZbHS
2025/6/23 00:07:11,8iwqNFWx6g4Xp4VGnRo8uUtvUGpMVzgxFqBXB1Wm5tJU,271658,4ijMB8KbSg4zogv6mquyjEeX37NtoN482uDCjjAHp4Fx,C5oLn4eK4qT1c25N2tFtmbsFxEPiFtc5RWWKUQkRdgdJ,0x030f61c14c10b9601842ba60cef6d82c9c223cf8,oFPGGM46CCW2sB2kg5ofXVSVfgPQq8k8phgHb68JLvsPHggbMXUEs61GoqHwAgaWavXuy1Tc8fRaceV5YtXby6w
2025/6/22 22:46:27,8RaoGMYqvLUVs4q8yV7MXiLf6ufjdXHkPhgiF5uMwTzT,213000,8MJ5Cxh8hSNcH5nE5mLEZ9A1pqufH5BzMt23UqUQEWaA,C5oLn4eK4qT1c25N2tFtmbsFxEPiFtc5RWWKUQkRdgdJ,0x0454d555de8458B29dAFbE93047536b7313D8bE7,3RGPjorEfcmsN6vjYRygWGxiA4DdFYa4962dk3euaNyLsMxzBxi75aBA4qGhZqToQy8hXCM9VXs9CRabm3tN8KSE
2025/6/22 22:32:30,4ESUih8sdPgCMbqApb8bjQdiPxJ8xd63egeBTn43En6m,1627966,CzuqnswRtEfd2nQcn2C54dyEqL7eexctpfATbg9nQtFd,C5oLn4eK4qT1c25N2tFtmbsFxEPiFtc5RWWKUQkRdgdJ,0xdd1acac1f4de9a7bf0ea1064ea1eb16797134d8d,5SCbHxkjFPAcqJJRjAjKH824939rFSBnXAB7jKZoNtfoz1gThrYwgynd2yg1V2QstatBXpCgSEFpis5KwoYpd8MD
2025/6/22 22:31:51,B2gHVeC6K77x4UXrWmGvK4dTA8Xhy9eX4tgo7EsSGiSP,10000,7zoKhxHG2reSjyFFJSCoMrxC1s99V6pDn4hdcCLiJF3k,C5oLn4eK4qT1c25N2tFtmbsFxEPiFtc5RWWKUQkRdgdJ,0x7c7fbe9df9ef24f6cd2eada7aa28095840594432,62rjCitfwmfwEs88UEjQZqFNKmzESgwn9xbhisG4e9U5WwUJf4VJX1X8ETJg352fuevpCKCzqPv3tUuoXGQymes5
2025/6/22 22:22:38,8iwqNFWx6g4Xp4VGnRo8uUtvUGpMVzgxFqBXB1Wm5tJU,1086,4ijMB8KbSg4zogv6mquyjEeX37NtoN482uDCjjAHp4Fx,C5oLn4eK4qT1c25N2tFtmbsFxEPiFtc5RWWKUQkRdgdJ,0x030f61c14c10b9601842ba60cef6d82c9c223cf8,4vxWXASq25KrUtE85k1Ma6Rza9dLsRKqTHYraLNYSd3VscPt6ry5rsZYMGyKqKjvqfFPgUo3L5Nkp666mUftkAVC
2025/6/22 21:56:59,43vnZRfoizE4VHB6PTYghDGzFUxgV44rjVkDrZKgb1oN,1000,DdJdYL9Ax19ESqMx8XihDKkxCj6BBzdrUucL5GLk7fYU,C5oLn4eK4qT1c25N2tFtmbsFxEPiFtc5RWWKUQkRdgdJ,0x0454d555de8458B29dAFbE93047536b7313D8bE7,3wnpYZp9Q938ZGjnhcuso557SR3K2sJ3Me6QLcKrCxrXrHi62GfgyPctJKNYgCfB4y6GxatLcJgXABdEMsEUwEGK
2025/6/22 21:35:36,4ESUih8sdPgCMbqApb8bjQdiPxJ8xd63egeBTn43En6m,1001,CzuqnswRtEfd2nQcn2C54dyEqL7eexctpfATbg9nQtFd,C5oLn4eK4qT1c25N2tFtmbsFxEPiFtc5RWWKUQkRdgdJ,0xdd1acac1f4de9a7bf0ea1064ea1eb16797134d8d,2rQ9AwzDf6SPUCDGin6QRpuYg6tb57suycaDm736epcRZjidDj4B6VyywfJDHBuKSuFJXNeGmxnbawEfkkm9jkcx
